Key,en | English (UK),zh | Chinese (Simplified),de | German,it | Italian,pt | Portuguese (Brazil),ro | Romanian,da | Danish,es | Spanish,fr | French,tr | Turkish
system.user, User, 用户, Benutzer, Utente, Usuário, Utilizator, Bruger, Usuario, Utilisateur, Kullanıcı
system.team, Team, 团队, Team, Squadra, Equipe, Echipă, Hold, Equipo, Équipe, Ekip
system.back,Back,返回,Zurück,Indietro,Voltar,Înapoi,Tilbage,Volver,Retour,Geri
system.goHome,Homepage,去首页,,,,,,,,
system.submit,Submit,提交,Senden,Presentare,Enviar,Trimiteți,Send,Enviar,Soumettre,Gönder
system.next,Next,下一步,Weiter,Avanti,Próximo,Următorul,Næste,Siguiente,Suivant,Sonraki
system.delete,Delete,删除,Löschen,Cancella,Excluir,Ștergeți,Slet,Borrar,Supprimer,Silme
system.deleteConfirm, "Yes, delete", "是的，删除", "Ja, löschen", "Sì, elimina", "Sim, excluir", "Da, ștergeți", "Ja, slet", "Sí, borrar", "Oui, supprimer", "Evet, sil"
system.remove, Remove, 移除, Entfernen, Rimuovi, Remover, Eliminați, Fjern, Eliminar, Supprimer, Kaldır
system.edit, Edit, 编辑, Bearbeiten, Modifica, Editar, Editați, Rediger, Editar, Modifier, Düzenle
system.rename, Rename, 重命名, Umbenennen, Rinomina, Renomear, Redenumiți, Omdøb, Renombrar, Renommer, Yeniden adlandır
system.cancel,Cancel,取消,Abbrechen,Annullamento,Cancelar,Anulați,Annuller,Cancelar,Annuler,İptal
system.save,Save,保存,Speichern,Risparmiare,Salvar,Salvați,Gem,Guardar,Enregistrer,Kaydet
system.saveAs,Save as,另存为,Speichern als,Salva come,Salvar como,Salvează ca,Gem som,Guardar como,Enregistrer sous,Farklı kaydet
system.settings,Settings,设置,Einstellungen,Impostazioni,Configurações,Setări,Indstillinger,Configuración,Paramètres,Ayarlar
system.logout,Logout,登出,Ausloggen,Disconnessione,Logout,Ieșire,Log ud,Cerrar sesión,Déconnexion,Oturumu Kapat
system.imprint,Imprint,版本说明,Impressum,Impronta,Impressão,Imprimare,Aftryk,Pie de imprenta,Mentions légales,Künye
system.order,Order,订购,Bestellung,Ordine,Pedido,Comandă,Bestilling,Pedir,Commande,Sipariş
system.addLabels,Add labels,加标签,Etiketten hinzufügen,Aggiungi etichette,Adicionar etiquetas,Adăugați etichete,Tilføj etiketter,Añadir etiquetas,Ajouter des étiquettes,Etiket ekleyin
system.addOrder,Add order,,,,,,,,,
system.allLabels,All labels,所有标签,Alle Etiketten,Tutte le etichette,Todas as etiquetas,Toate etichetele,Alle etiketter,Todas las etiquetas,Toutes les étiquettes,Tüm etiketler
system.shareWith,Share with,与某人分享,Teilen mit,Condividi con,Compartilhar com,Împarte cu,Del med,Compartir con,Partager avec,İle paylaş
system.inviteUser,Invite user,邀请用户,Benutzer einladen,Invita utente,Convidar Usuário,Invită utilizator,Inviter bruger,Invitar usuario,Inviter un utilisateur,Kullanıcıyı davet et
system.inviteSent,Invite sent,邀请已发送,Einladung gesendet,Invito inviato,Convite enviado,Invitație trimisă,Invitation sendt,Invitar enviado,Invitation envoyée,Davet gönderildi
system.errorSendingInvite,Error sending invite,发送邀请时出错,Fehler beim Senden der Einladung,Errore durante l'invio dell'invito,Erro ao enviar convite,Eroare la trimiterea invitației,Fejl ved afsendelse af invitation,Error al enviar la invitación,Erreur lors de l'envoi de l'invitation,Davet gönderilirken hata oluştu
system.role,Role,角色,Rolle,Ruolo,Papel,Rol,Rolle,Role,Rôle,Rol
system.selectRole,Select role,选择角色,Rolle auswählen,Seleziona ruolo,Selecione a função,Selectați rolul,Vælg rolle,Seleccionar rol,Sélectionnez un rôle,Rol Seçin
system.sendInvitation,Send invitation,发送邀请,Einladung senden,Spedire un invito,Enviar convite,Trimite invitatia,Send invitation,Enviar invitacion,Envoyer une invitation,Davetiye gönder
system.english,English,English,English,English,English,English,English,English,English,English
system.chinese,中文,中文,中文,中文,中文,中文,中文,中文,中文,中文
system.china,China,中国,China,Cina,China,China,Kina,China,Chine,Çin
system.german,Deutsch,Deutsch,Deutsch,Deutsch,Deutsch,Deutsch,Deutsch,Deutsch,Deutsch,Deutsch
system.italian,Italiano,Italiano,Italiano,Italiano,Italiano,Italiano,Italiano,Italiano,Italiano,Italiano
system.spanish,Español,Español,Español,Español,Español,Español,Español,Español,Español,Español
system.portuguese,Português (Brasil),Português (Brasil),Português (Brasil),Português (Brasil),Português (Brasil),Português (Brasil),Português (Brasil),Português (Brasil),Português (Brasil),Português (Brasil)
system.romanian,Română,Română,Română,Română,Română,Română,Română,Română,Română,Română
system.danish,Dansk,Dansk,Dansk,Dansk,Dansk,Dansk,Dansk,Dansk,Dansk,Dansk
system.french,Français,Français,Français,Français,Français,Français,Français,Français,Français,Français
system.turkish,Türkçe,Türkçe,Türkçe,Türkçe,Türkçe,Türkçe,Türkçe,Türkçe,Türkçe,Türkçe
system.germany,Germany,德国,Deutschland,Germania,Alemão,Germania,Tyskland,Alemania,Allemagne,Almanya
system.other,Other,其他,Andere,Altro,Outros,Altele,Andet,Otros,Autre,Diğer
system.none,None,其他,Keine,Nessuno,Nenhum,Nici unul,Ingen,Ninguno,Aucun,Hiçbiri
system.termsOfService,Terms of Service,用户使用条款,Nutzungsbedingungen,Termini di servizio,Termos de Serviço,Termeni și condiții de utilizare,Vilkår for brug,Condiciones de uso,Conditions d'utilisation,Hizmet Koşulları
system.connectYourDomain, Connect your domain, 连接您的域名, Verbinden Sie Ihre Domain, Connetti il tuo dominio, Conecte seu domínio, Conectați domeniul dvs., Forbind dit domæne, Conecta tu dominio, Connectez votre domaine, Alan adınızı bağlayın
system.yourDomainProvider, Your domain provider, 您的域名提供商, Ihr Domain-Anbieter, Il tuo provider di domini, Seu provedor de domínio, Furnizorul dvs. de domeniu, Din domæneudbyder, Su proveedor de dominio, Votre fournisseur de domaine, Alan adı sağlayıcınız
system.instructions, Instructions, 说明, Anweisungen, Istruzioni, Instruções, Instrucțiuni, Instruktioner, Instrucciones, Instructions, Talimatlar
system.copy, Copy, 复制, Kopieren, Copia, Copiar, Copiază, Kopier, Copiar, Copier, Kopyala
system.errorGrantingAccess,Error granting access,授予访问权限时出错,Fehler beim Gewähren des Zugriffs,Errore durante la concessione dell'accesso,Erro ao conceder acesso,Eroare la acordarea accesului,Fejl ved tildeling af adgang,Error al otorgar acceso,Erreur lors de l'octroi de l'accès,Erişim izni verilirken hata oluştu
system.errorRemovingAccess,Error removing access,删除访问权限时出错,Fehler beim Entfernen des Zugriffs,Errore durante la rimozione dell'accesso,Erro ao remover o acesso,Eroare la eliminarea accesului,Fejl ved fjernelse af adgang,Error al eliminar el acceso,Erreur lors de la suppression de l'accès,Erişim kaldırılırken hata oluştu
system.emailAddress,Email address,电子邮件地址,E-Mail-Adresse,Indirizzo e-mail,Endereço de email,Adresa de e-mail,Email adresse,Dirección de correo electrónico,Adresse e-mail,E-posta adresi
system.phoneNumber,Phone number,电话号码,Telefonnummer,Numero di telefono,Número de telefone,Număr de telefon,Telefonnummer,Número de teléfono,Numéro de téléphone,Telefon numarası
system.gotIt, "Ok, got it", "好的，知道了", "Ok, verstanden", "Ok, capito", "Ok, entendi", "Ok, am înțeles", "Ok, forstået", "Ok, entendido", "Ok, compris", "Tamam, anladım"
system.okay, Okay, 好的, Okay, Okay, Okay, Okay, Okay, Okay, Okay, Tamam
system.darkMode, Dark Mode, 暗黑模式, Dunkler Modus, Modalità scura, Modo escuro, Modul întunecat, Mørk tilstand, Modo oscuro, Mode sombre, Koyu Mod
role.editor,Editor,编辑者,Editor,Editor,Editor,Editor,Editor,Editor,Éditeur,Editör
role.viewer,Viewer,查看者,Viewer,Viewer,Viewer,Viewer,Viewer,Viewer,Viewer,Viewer
role.owner,Owner,所有者,Owner,Owner,Owner,Owner,Owner,Owner,Owner,Owner
system.language, Language, 语言, Sprache, Lingua, Idioma, Limbă, Sprog, Idioma, Langue, Dil
system.domains, Domains, 域名, Domains, Domini, Domínios, Domenii, Domæner, Dominios, Domaines, Alan Adları
system.account, Account, 账户, Konto, Account, Conta, Cont, Konto, Cuenta, Compte, Hesap
system.favicon, Favicon, 网站图标, Favicon, Favicon, Favicon, Favicon, Favicon, Favicon, Favicon, Favicon
system.connect, Connect, 连接, Verbinden, Collegare, Conectar, Conectați, Forbind, Conectar, Connecter, Bağlan
system.share, Share, 分享, Teilen, Condividi, Compartilhar, Împărtășește, Del, Compartir, Partager, Paylaş
account.firstName,First name,名,Vorname,Nome,Nome próprio,Prenume,Fornavn,Nombre y apellidos,Prénom,İlk isim
account.lastName,Last name,姓,Nachname,Cognome,Sobrenome,Numele de familie,Efternavn,Apellidos,Nom de famille,Soyadı
account.workEmail,Work email,工作邮箱,E-Mail Arbeit,Email di lavoro,E-mail de trabalho,E-mail de lucru,Arbejds-e-mail,Correo electrónico de trabajo,Courriel professionnel,İş e-postası
account.mobileNumber,Mobile number,手机号,Handy-Nummer,Numero di cellulare,Número do celular,Numărul de mobil,Mobilnummer,Número de móvil,Numéro de portable,Cep telefonu numarası
account.companyName,Company name,公司名字,Firmenname,Nome della società,Nome da empresa,Numele companiei,Firmanavn,Nombre de la empresa,Nom de l'entreprise,Şirket adı
settingsPage.myDetails, My Details, 我的详细信息, Meine Details, I miei dettagli, Meus detalhes, Detaliile mele, Mine detaljer, Mis detalles, Mes détails, Detaylarım
settingsPage.onlyYou, Only you, 仅您, Nur Sie, Solo tu, Somente você, Doar tu, Kun dig, Solo tú, Vous seul, Sadece siz
connectDomainPage.connectDomain, Connect {{newline}} {{domainName}}, 连接 {{newline}} {{domainName}}, Verbinden {{newline}} {{domainName}}, Collega {{newline}} {{domainName}}, Conectar {{newline}} {{domainName}}, Conectați {{newline}} {{domainName}}, Forbind {{newline}} {{domainName}}, Conectar {{newline}} {{domainName}}, Connecter {{newline}} {{domainName}}, {{domainName}}'yi bağlayın
connectDomainPage.description, "Allow A4Lcloud QR code generator to auto-short URLs using this domain", "允许 A4Lcloud 二维码生成器使用此域名自动缩短 URL", "Ermöglichen Sie dem A4Lcloud QR-Code-Generator, URLs automatisch mit dieser Domain zu verkürzen", "Consenti al generatore di codici QR A4Lcloud di abbreviare automaticamente gli URL utilizzando questo dominio", "Permita que o gerador de código QR A4Lcloud encurte automaticamente URLs usando este domínio", "Permiteți generatorului de coduri QR A4Lcloud să scurteze automat URL-urile folosind acest domeniu", "Tillad A4Lcloud QR-kodegenerator at forkorte URL'er automatisk ved hjælp af dette domæne", "Permita que el generador de códigos QR de A4Lcloud acorte automáticamente las URL mediante este dominio", "Permettez au générateur de codes QR A4Lcloud de raccourcir automatiquement les URL à l'aide de ce domaine", "A4Lcloud QR kodu oluşturucunun bu alan adını kullanarak URL'leri otomatik olarak kısaltmasına izin verin"
connectDomainPage.copyInstructions, Copy instructions, 复制说明, Anweisungen kopieren, Copia istruzioni, Copiar instruções, Copiați instrucțiunile, Kopier instruktioner, Copiar instrucciones, Copier les instructions, Talimatları kopyala
connectDomainPage.howToConnect, How to connect,,,,,,,,,
connectDomainPage.listElem1, "Navigate to the DNS settings of your domain provider", "导航到您的域名提供商的 DNS 设置", "Navigieren Sie zu den DNS-Einstellungen Ihres Domain-Anbieters", "Passa alle impostazioni DNS del tuo provider di domini", "Navegue até as configurações de DNS do seu provedor de domínio", "Navigați la setările DNS ale furnizorului dvs. de domeniu", "Naviger til DNS-indstillingerne for din domæneudbyder", "Navegue a la configuración de DNS de su proveedor de dominio", "Accédez aux paramètres DNS de votre fournisseur de domaine", "Alan adı sağlayıcınızın DNS ayarlarına gidin"
connectDomainPage.listElem2, "Replace the values of the nameserver with the following fields below", "将域名服务器的值替换为下面的字段", "Ersetzen Sie die Werte des Nameservers durch die folgenden Felder unten", "Sostituisci i valori del nameserver con i seguenti campi sottostanti", "Substitua os valores do servidor de nomes pelos seguintes campos abaixo", "Înlocuiți valorile serverului de nume cu următoarele câmpuri de mai jos", "Udskift værdierne for navneserveren med følgende felter nedenfor", "Reemplace los valores del servidor de nombres con los siguientes campos a continuación", "Remplacez les valeurs du serveur de noms par les champs suivants ci-dessous", "Alan adı sunucusunun değerlerini aşağıdaki alanlarla değiştirin"
connectDomainPage.NameFieldValue, Nameservers Field Values, 域名服务器字段值, Nameserver-Feldwerte, Valori del campo nameserver, Valores do campo nameserver, Valori de câmp nameserver, Navneserverfeltværdier, Valores de campo de servidor de nombres, Valeurs de champ de serveur de noms, Alan adı sunucusu Alan Değerleri
connectDomainPage.rootPrivacyTip, "Switching nameservers to ours will transfer the DNS control to us. This may disrupt subdomains, emails and other settings. Proceed with caution.", "将域名服务器切换到我们的域名服务器将使 DNS 控制权转移到我们手中。这可能会破坏子域、电子邮件和其他设置。请谨慎操作。", "Wenn Sie die Nameserver auf unsere Nameserver umstellen, wird die DNS-Kontrolle an uns übertragen. Dies kann Subdomains, E-Mails und andere Einstellungen stören. Gehen Sie vorsichtig vor.", "Passare i nameserver ai nostri trasferirà il controllo DNS a noi. Questo potrebbe interrompere i sottodomini, le e-mail e altre impostazioni. Procedere con cautela.", "A troca de servidores de nomes para os nossos transferirá o controle DNS para nós. Isso pode interromper subdomínios, e-mails e outras configurações. Prossiga com cautela.", "Comutarea serverelor de nume la ale noastre va transfera controlul DNS către noi. Acest lucru poate perturba subdomeniile, e-mailurile și alte setări. Procedați cu prudență.", "Hvis du skifter navneservere til vores, overføres DNS-kontrollen til os. Dette kan forstyrre underdomæner, e-mails og andre indstillinger. Fortsæt med forsigtighed.", "Cambiar los servidores de nombres a los nuestros transferirá el control de DNS a nosotros. Esto puede interrumpir subdominios, correos electrónicos y otras configuraciones. Proceda con precaución.", "Le passage des serveurs de noms aux nôtres transférera le contrôle DNS à nous. Cela peut perturber les sous-domaines, les e-mails et autres paramètres. Procédez avec prudence.", "Alan adı sunucularını bizimkilerle değiştirmek, DNS kontrolünü bize aktaracaktır. Bu alt alan adlarını, e-postaları ve diğer ayarları bozabilir. Dikkatli olun."
connectDomainPage.subDescription, "Create CNAME records with your domain provider using the following values below", "使用以下值在您的域名提供商中创建 CNAME 记录", "Erstellen Sie CNAME-Einträge mit Ihrem Domain-Anbieter mit den folgenden Werten unten", "Crea record CNAME con il tuo provider di domini utilizzando i seguenti valori sottostanti", "Crie registros CNAME com seu provedor de domínio usando os seguintes valores abaixo", "Creați înregistrări CNAME cu furnizorul dvs. de domeniu folosind următoarele valori de mai jos", "Opret CNAME-poster med din domæneudbyder ved hjælp af følgende værdier nedenfor", "Cree registros CNAME con su proveedor de dominio utilizando los siguientes valores a continuación", "Créez des enregistrements CNAME avec votre fournisseur de domaine en utilisant les valeurs suivantes ci-dessous", "Aşağıdaki değerleri kullanarak alan adı sağlayıcınızda CNAME kayıtları oluşturun"
connectDomainPage.subPrivacyTip, "With some providers you need to omit the dmain at the end of the CNAME record names", "对于某些提供商，您需要在 CNAME 记录名称的末尾省略域名", "Bei einigen Anbietern müssen Sie das dmain am Ende der CNAME-Eintrag-Namen weglassen", "Con alcuni provider è necessario omettere il dmain alla fine dei nomi dei record CNAME", "Com alguns provedores, você precisa omitir o dmain no final dos nomes dos registros CNAME", "Cu unii furnizori trebuie să omiteți dmain la sfârșitul numelor de înregistrări CNAME", "Med nogle udbydere skal du udelade dmain i slutningen af CNAME-postnavnene", "Con algunos proveedores, debe omitir el dmain al final de los nombres de los registros CNAME", "Avec certains fournisseurs, vous devez omettre le dmain à la fin des noms d'enregistrement CNAME", "Bazı sağlayıcılarla, CNAME kayıt adlarının sonunda dmain'i atlamalısınız"
connectDomainPage.addNewDomain, Add new domain, 添加新域名, Neue Domain hinzufügen, Aggiungi nuovo dominio, Adicionar novo domínio, Adăugați un nou domeniu, Tilføj nyt domæne, Agregar nuevo dominio, Ajouter un nouveau domaine, Yeni alan adı ekle
connectDomainPage.enterNewDomain, Enter new domain, 输入新域名, Neue Domain eingeben, Inserisci nuovo dominio, Digite um novo domínio, Introduceți un nou domeniu, Indtast nyt domæne, Introducir nuevo dominio, Entrez un nouveau domaine, Yeni bir alan adı girin
connectDomainPage.removeHttps, Please remove http(s)., 请删除 http(s)。, Bitte entfernen Sie http(s)., Si prega di rimuovere http(s)., Por favor, remova http(s)., Vă rugăm să eliminați http(s)., Fjern http(s)., Por favor, elimine http(s)., Veuillez supprimer http(s)., Lütfen http(s) kaldırın.
signin.signUpOrLogIn,Sign up or log in,注册或登录,Registrieren oder einloggen,Iscriviti o accedi,Registre-se ou faça login,Înscrieți-vă sau conectați-vă,Tilmeld dig eller log ind,Registrarse o iniciar sesión,S'inscrire ou se connecter,Kaydolun veya giriş yapın
signin.sendCode,Send Code,发送验证码,Code senden,Invia il codice,Enviar código,Trimiteți codul,Send kode,Enviar código,Envoyer le code,Kod Gönder
signin.enterCode,Enter Code,填写验证码,Code eingeben,Inserisci il codice,Inserir código,Introduceți codul,Indtast kode,Introducir código,Saisir le code,Kodu Girin
signin.resendCode,Resend code,再次发送验证码,Code erneut senden,Reinvia il codice,Reenviar código,Reînviați codul,Send kode igen,Reenviar código,Renvoyer le code,Kodu yeniden gönder
signin.processDisclaimer,We will process your data as set forth in our <ref>Terms of Service</ref>,我们将按照我们的 <ref>服务条款</ref>所规定的方式处理您的数据。,Wir verarbeiten Ihre Daten wie in unseren <ref>AGB</ref> beschrieben.,Tratteremo i vostri dati come stabilito nei nostri <ref>Termini di servizio</ref>.,Processaremos seus dados conforme estabelecido em nossos <ref>Termos de Serviço</ref>,Vom prelucra datele dvs. așa cum este prevăzut în <ref>Condițiile de utilizare</ref>.,Vi behandler dine data som beskrevet i vores <ref>Tjenestevilkår</ref>.,Trataremos sus datos según lo establecido en nuestras <ref>Condiciones del servicio</ref>.,Nous traiterons vos données comme indiqué dans nos <ref>Termes de service</ref>,Verilerinizi <ref>Hizmet Şartlarımız</ref>da belirtildiği şekilde işleyeceğiz
onboarding.welcome,Welcome,欢迎,Willkommen,Benvenuto,Bem-vindo,Bun venit,Velkommen til,Bienvenido,Bienvenue sur le site,Hoş geldiniz
onboarding.setUpYourAccount,Set up your account,设置账号,Nutzerkonto einrichten,Configura il tuo account,Configure sua conta,Configurați contul dvs.,Opret din konto,Configure su cuenta,Créez votre compte,Hesabınızı oluşturun
onboarding.whatTypeIsYourCompany,What type is your company?,公司类型,Welche Art ist Ihr Unternehmen?,Che tipo di azienda è?,Qual é o tipo de sua empresa?,Ce tip de companie este compania dumneavoastră?,Hvilken type er din virksomhed?,¿Qué tipo de empresa es?,Quel est le type de votre entreprise ?,Şirketinizin türü nedir?
onboarding.labelCustomer,Label Customer,标签标签,Etikettenkunde,Cliente di etichette,Cliente de etiquetas,Etichetă client,Etiketkunde,Cliente de etiquetas,Client d'étiquettes,Etiket Müşterisi
onboarding.printProvider,Print Provider,打印供应商,Druckdienstleister,Fornitore di stampa,Fornecedor de impressão,Furnizor de imprimare,Udbyder af print,Proveedor de impresión,Fournisseur d'impression,Baskı Sağlayıcı
onboarding.solutionProvider,Software Provider,软件公司,Softwareanbieter,Fornitore di software,Provedor de software,Furnizor de software,Software-udbyder,Proveedor de software,Fournisseur de logiciel,Yazılım Sağlayıcı
onboarding.whatIsYourPosition,What is Your Position?,您的职务是？,Was ist Ihre Position?,Qual è la vostra posizione?,Qual é o seu cargo?,Care este poziția dumneavoastră?,Hvad er din position?,¿Cuál es su cargo?,Quelle est votre fonction ?,Pozisyonunuz Nedir?
onboarding.design,Design,设计,Design,Progettazione,Design,Design,Design,Diseño,Conception,Tasarım
onboarding.marketing,Marketing,市场营销,Marketing,Marketing,Marketing,Marketing,Markedsføring,Marketing,Marketing,Pazarlama
onboarding.customerService,Customer Service,客户管理,Kundenbetreuung,Servizio clienti,Atendimento ao cliente,Serviciul Clienți,Kundeservice,Atención al cliente,Service clientèle,Müşteri Hizmetleri
onboarding.accountManagement,Account Management,财务管理,Account Management,Gestione dei conti,Gerenciamento de contas,Managementul conturilor,Account Management,Gestión de cuentas,Gestion des comptes,Hesap Yönetimi
onboarding.it,IT,计算机服务,IT,IT,TI,IT,IT,TI,INFORMATIQUE,IT
onboarding.management,Management,管理者,Verwaltung,Gestione,Gerenciamento de TI,Management,ledelse,Gestión,Gestion de la clientèle,Yönetim
onboarding.printPress,Print Press,印刷服务,Pre-Press,Stampa,Impressão,Presa scrisă,Trykkeri,Imprenta,Imprimerie,Basılı Yayın
onboarding.other, Other, 其他, Andere, Altro, Outros, Altele, Andet, Otro, Autre, Diğer
allLabels.labels,Labels,标签,Etiketten,Etichette,Etiquetas,Etichete,Etiketter,Todas las etiquetas,Étiquettes,Etiketler
addLabelFlow.selectType,Select Type,选择类型,Typ auswählen,Selezionare il tipo,Selecione o tipo,Selectați tipul,Vælg type,Seleccionar tipo,Sélectionner le type,Tip Seçiniz
addLabelFlow.color,Color,颜色,Farbe,Colore,Cor,Culoare,Farve,Color,Couleur,Renk
addLabelFlow.qrCode,QR Code,二维码,QR-Code,Codice QR,Código QR,Cod QR,QR-kode,Código QR,Code QR,QR Kodu
addLabelFlow.editQrCodeDesign,Edit QR Code Design,编辑二维码,QR-Code-Design bearbeiten,Modifica il design del codice QR,Editar design do código QR,Editați designul codului QR,Rediger design af QR-kode,Editar diseño de código QR,Modifier la conception du code QR,QR Kod Tasarımını Düzenle
addLabelFlow.shape,Shape,形状,Form,Forma,Forma,Formă,Form,Forma,Forme,Şekil
addLabelFlow.round,Round,圆形,Rund,Rotondo,Redondo,Rotund,Rund,Redondo,Rond,Yuvarlak
addLabelFlow.square,Square,方形,Rechteckig,Quadrato,Quadrado,Pătrat,Firkantet,Cuadrado,Carré,Kare
addLabelFlow.backgroundColor,Background Color,背景色,Hintergrundfarbe,Colore dello sfondo,Cor de fundo,Culoare de fundal,Baggrundsfarve,Color de fondo,Couleur d'arrière-plan,Arka Plan Rengi
addLabelFlow.transparent,Transparent,透明底色,Transparent,Trasparente,Transparente,Transparent,Gennemsigtig,Transparente,Transparent,Şeffaf
addLabelFlow.fileType,File Type,文件格式,Datei-Typ,Tipo di file,Tipo de arquivo,Tip fișier,File Type,Tipo de archivo,Type de fichier,Dosya Türü
addLabelFlow.pdf,PDF,PDF,PDF,PDF,PDF,PDF,PDF,PDF,PDF,PDF
addLabelFlow.png,PNG,PNG,PNG,PNG,PNG,PNG,PNG,PNG,PNG,PNG
addLabelFlow.svg,SVG,SVG,SVG,SVG,SVG,SVG,SVG,SVG,SVG,SVG
addLabelFlow.saveAs, Save as, 另存为, Speichern als, Salva come, Salvar como, Salvați ca, Gem som, Guardar como, Enregistrer sous, Farklı Kaydet
addLabelFlow.imageSize,Image Size,图片尺寸,Größe des Bildes,Dimensione immagine,Tamanho da imagem,Dimensiunea imaginii,Billedstørrelse,Tamaño de la imagen,Taille de l'image,Resim Boyutu
addLabelFlow.53x53,53x53,53x53,53x53,53x53,53x53,53x53,53x53,53x53,53x53,53x53
addLabelFlow.connectQrCode,Connect QR Code,链接二维码,QR-Code verbinden,Collegare il codice QR,Conectar código QR,Conectați codul QR,Forbind QR-kode,Conectar código QR,Connecter le code QR,QR Kodunu Bağlayın
addLabelFlow.theQrLinkForwardsVisitorsToTheQrDestinationTheQrDestinationCanBeChangedAnyTime,The QR link forwards visitors to the QR destination. The QR destination can be changed any time.,二维码的链接将由短链接跳转至目标链接。因此二维码的链接可以随时更改。,Der QR-Link leitet die Besucher zum QR-Ziel weiter. Das QR-Ziel kann jederzeit geändert werden.,Il collegamento QR inoltra i visitatori alla destinazione QR. La destinazione QR può essere modificata in qualsiasi momento.,O link QR encaminha os visitantes para o destino QR. O destino do QR pode ser alterado a qualquer momento.,Legătura QR redirecționează vizitatorii către destinația QR. Destinația QR poate fi schimbată în orice moment.,QR-linket sender besøgende videre til QR-destinationen. QR-destinationen kan ændres når som helst.,El enlace QR redirige a los visitantes al destino QR. El destino QR puede cambiarse en cualquier momento.,Le lien QR dirige les visiteurs vers la destination QR. La destination QR peut être modifiée à tout moment.,QR bağlantısı ziyaretçileri QR hedefine yönlendirir. QR hedefi her zaman değiştirilebilir.
addLabelFlow.fallbackLink,Fallback Link,后备链接,Fallback-Link,Collegamento di riserva,Link substituto,Link de rezervă,Fallback link,Enlace alternativo,Lien de secours,Geri dönüş bağlantısı
addLabelFlow.qrLink,QR Domain,二维码链接,QR-Domain,Collegamento QR,Domain QR,Legătură QR,QR-link,Enlace QR,Lien QR,QR Bağlantısı
addLabelFlow.qrDomain, QR Domain, 二维码链接, QR-Domain, Collegamento QR, Domain QR, Legătură QR, QR-link, Enlace QR, Lien QR, QR Bağlantısı
addLabelFlow.qrDestination,QR Destination,二维码目标链接,QR-Ziel,Destinazione QR,Destino do QR,Destinația QR,QR-destination,Destino QR,Destination QR,QR Hedefi
addLabelFlow.fallbackNote, "In case your target URL is down, we redirect to a fallback URL.", "如果您的目标 URL 处于关闭状态，我们将重定向到备用 URL。", "Wenn Ihre Ziel-URL nicht erreichbar ist, leiten wir auf eine Fallback-URL um.", "Se il tuo URL di destinazione è inattivo, reindirizziamo a un URL di fallback.", "Caso seu URL de destino esteja inativo, redirecionamos para um URL de fallback.", "În cazul în care URL-ul dvs. țintă este inactiv, redirecționăm către un URL de rezervă.", "Hvis din mål-URL er nede, omdirigerer vi til en fallback-URL.", "En caso de que su URL de destino esté inactivo, redirigimos a una URL de respaldo.", "Si votre URL cible est en panne, nous redirigeons vers une URL de secours.", "Hedef URL'niz kapalıysa, yedek URL'ye yönlendiriyoruz."
addLabelFlow.fallbackLink, Fallback link, 备用链接, Fallback-Link, Collegamento di fallback, Link de fallback, Legătură de rezervă, Fallback-link, Enlace de respaldo, Lien de secours, Yedek bağlantı
addLabelFlow.example,Example,示例,Beispiel,Esempio,Exemplo,Exemplu,Eksempel,Ejemplo,Exemple de lien QR,Örnek
addLabelFlow.labelOptions,Label Options,标签选项,Etiketten-Optionen,Opzioni etichetta,Opções de etiqueta,Opțiuni pentru etichetă,Indstillinger for etiketter,Opciones de etiquetas,Options de l'étiquette,Etiket Seçenekleri
addLabelFlow.amountOfLabels,Amount of Labels,标签数量,Anzahl der Etiketten,Quantità di etichette,Quantidade de etiquetas,Cantitatea de etichete,Mængde af etiketter,Cantidad de etiquetas,Quantité d'étiquettes,Etiket Miktarı
addLabelFlow.printingMethod,Printing Method,打印模式,Druckmethode,Metodo di stampa,Método de impressão,Metoda de imprimare,Udskrivningsmetode,Método de impresión,Méthode d'impression,Baskı Yöntemi
addLabelFlow.offset,Offset,胶印,Offsetdruck,Offset,Offset,Offset,Offset,Offset,Offset,Ofset
addLabelFlow.flexo,Flexo,柔印,Flexodruck,Flesso,Flexo,Flexo,Flexo,Flexo,Flexo,Flekso
addLabelFlow.digital,Digital,数码,Digital,Digitale,Digital,Digitală,Digital,Digital,numérique,Dijital
addLabelFlow.flexoInkjet,Flexo + Inkjet,柔印+喷墨,Flexo + Tintenstrahl,Flexo + Inkjet,Flexo + Jato de tinta,Flexo + jet de cerneală,Flexo + Inkjet,Flexografía + inyección de tinta,Flexo + jet d'encre,Flekso + Inkjet
addLabelFlow.qrType,QR Type,二维码类型,QR-Typ,Tipo QR,Tipo QR,Tip QR,QR-type,Tipo QR,Type QR,QR Tipi
addLabelFlow.single,Single,单个,Einzeln,Singolo,Único,Single,Enkelt,Único,Unique,Tek kişilik
addLabelFlow.everyLabelSharesTheSameQrCode,Every label shares the same QR code,每个标签都有相同的二维码,Jedes Etikett hat den gleichen QR-Code,Ogni etichetta condivide lo stesso codice QR,Cada etiqueta compartilha o mesmo código QR,Fiecare etichetă are același cod QR,Hver etiket har den samme QR-kode,Cada etiqueta comparte el mismo código QR,Chaque étiquette partage le même code QR,Her etiket aynı QR kodunu paylaşır
addLabelFlow.serial,Serial,多个,Serienmäßig,Seriale,Em série,Serie,Seriel,En serie,En série,Seri
addLabelFlow.everyLabelHasAUniqueQrCode,Every label has a unique QR code,每个标签都有唯一的二维码,Jedes Etikett hat einen einzigartigen QR-Code,Ogni etichetta ha un codice QR unico,Cada etiqueta tem um código QR exclusivo,Fiecare etichetă are un cod QR unic,Hver etiket har en unik QR-kode,Cada etiqueta tiene un código QR único,Chaque étiquette a un code QR unique,Her etiketin benzersiz bir QR kodu vardır
addLabelFlow.preview,Preview,预览,Vorschau,Anteprima,Pré-visualização,Previzualizare,Forhåndsvisning,Vista previa,Aperçu,Önizleme
addLabelFlow.10MoreQrCodesAddedByDefaultToCoverPotentialLabelWaste,10% more QR codes added by default to cover potential label waste.,默认添加10%以上的二维码以覆盖潜在的标签损耗。,"Standardmäßig werden 10% mehr QR-Codes hinzugefügt, um möglichen Etikettenausschuss zu berücksichtigen.",10% di codici QR in più aggiunti per impostazione predefinita per coprire i potenziali sprechi di etichette.,10% mais códigos QR adicionados por padrão para cobrir possíveis desperdícios de etiquetas.,10% mai multe coduri QR adăugate în mod implicit pentru a acoperi eventualele deșeuri de etichete.,10% flere QR-koder tilføjet som standard for at dække potentielt etiketspild.,10% más de códigos QR añadidos por defecto para cubrir posibles residuos de etiquetas.,10% de codes QR supplémentaires ajoutés par défaut pour couvrir les pertes potentielles d'étiquettes.,Olası etiket israfını karşılamak için varsayılan olarak %10 daha fazla QR kodu eklenir.
addLabelFlow.setLabelName,Set Label Name,设置标签名,Etikettenname festlegen,Imposta nome etichetta,Definir nome da etiqueta,Setați numele etichetei,Indstil etiketnavn,Establecer nombre de etiqueta,Définir le nom de l'étiquette,Etiket Adını Ayarla
addLabelFlow.projectName,Project Name,项目名,Projektname,Nome del progetto,Nome do projeto,Nume proiect,Projektets navn,Nombre del proyecto,Nom du projet,Proje Adı
addLabelFlow.labelCustomerNumber,Label Customer Number, 标签客户编号, Etikettenkundennummer, Numero cliente etichetta, Número do cliente da etiqueta, Numărul clientului etichetei, Etiketkundenummer, Número de cliente de etiqueta, Numéro de client d'étiquette, Etiket Müşteri Numarası
addLabelFlow.article,Article Number,物品编号, Artikelnummer,Numero articolo,Número do artigo,Numărul articolului,Varenummer,Número de artículo,Référence de l'article,Makale Numarası
addLabelFlow.printProvider,Print Provider Name,打印提供商名称, Druckdienstleister-Name, Nome del fornitore di stampa, Nome do provedor de impressão, Numele furnizorului de imprimare, Udbyder af printnavn, Nombre del proveedor de impresión, Nom du fournisseur d'impression, Baskı Sağlayıcı Adı
addLabelFlow.labelCustomer,Label Customer Company Name,标签客户公司名称, Etikettenkundenfirmenname, Nome della società cliente dell'etichetta, Nome da empresa cliente da etiqueta, Numele companiei clientului etichetei, Etiketkundefirma, Nombre de la empresa cliente de etiquetas, Nom de la société cliente d'étiquettes, Etiket Müşteri Şirket Adı
addLabelFlow.moreOptions,More Options,更多选项,Mehr Optionen,Altre opzioni,Mais opções,Mai multe opțiuni,Mere muligheder,Más opciones,Plus d'options,Daha Fazla Seçenek
addLabelFlow.editOrder,Edit Order,编辑订单,Bestellung bearbeiten,Modifica dell'ordine,Ordem de edição,Editați comanda,Rediger ordre,Editar orden,Editer la commande,Siparişi Düzenle
addLabelFlow.image,Image,图形,Bild,Immagine,Imagem,Imagine,Billede,Imagen,Image,Resim
projectPage.readyInMinute_one,ready in 1 minute,预计 1 分钟完成,In 1 Minute fertig,pronto in 1 minuto,pronto em 1 minuto,gata în 1 minut,klar på 1 minut,listo en 1 minuto,prêt en 1 minute,1 dakika içinde hazır
projectPage.readyInMinute_other,ready in {{count}} minutes,预计 {{count}} 分钟完成,fertig in {{count}} Minuten,pronto in {{count}} minuti,pronto em {{count}} minutos,gata în {{count}} minute,klar om {{count}} minutter,listo en {{count}} minutos,prêt dans {{count}} minutes,{{count}} dakika içinde hazır
projectPage.destinationLink,Destination Link,链接目标,Ziel-Link,Link di destinazione,Link de destino,Link de destinație,Link til destination,Enlace de destino,Lien de destination,Hedef Bağlantı
projectPage.deleteLabel, Delete label, 删除标签, Etikett löschen, Elimina etichetta, Excluir etiqueta, Ștergeți eticheta, Slet etiket, Eliminar etiqueta, Supprimer l'étiquette, Etiketi sil
projectPage.deleteOrder, Delete order, 删除订单, Bestellung löschen, Elimina ordine, Excluir pedido, Ștergeți comanda, Slet ordre, Eliminar pedido, Supprimer la commande, Siparişi sil
projectPage.renameLabel,Rename label, 重命名标签, Etikett umbenennen, Rinomina etichetta, Renomear etiqueta, Redenumiți eticheta, Omdøb etiket, Cambiar nombre de etiqueta, Renommer l'étiquette, Etiketi yeniden adlandır
projectPage.labelTitle,Label Title,标签标题,Etiketten-Titel,Titolo etichetta,Título da etiqueta,Titlul etichetei,Etiket titel,Título de la etiqueta,Titre de l'étiquette,Etiket Başlığı
projectPage.orderNo,Order No.,订单号,Auftrags-Nr.,Numero d'ordine,Número do pedido,Nr. de comandă,Ordre nr.,Nº de pedido,N° de commande,Sipariş No.
projectPage.qrCode,QR Code,二维码,QR-Code,Codice QR,Código QR,Cod QR,QR-kode,Código QR,Code QR,QR Kodu
projectPage.downloadLink,Download Link,下载链接,Link zum herunterladen,Link per il download,Link para download,Link de descărcare,Link til download,Enlace de descarga,Lien de téléchargement,İndirme Bağlantısı
projectPage.noVisitors,No Visitors,访问数为0,Keine Besucher,Nessun visitatore,Nenhum visitante,Fără vizitatori,Ingen besøgende,No Visitantes,Pas de visiteurs,Ziyaretçi Yok
projectPage.visitor_one,Visitor,访问数,Besucher,Visitatore,Visitante,Vizitator,Besøgende,Visitante,Visiteur,Ziyaretçi
projectPage.scan_one, Scan, 扫描, Scan, Scansione, Digitalizar, Scanare, Scan, Escanear, Scan, Tarama
projectPage.scan_other, Scans, 扫描, Scans, Scans, Scans, Scans, Scans, Scans, Scans, Taramalar
projectPage.visitor_other,Visitors,访问数,Besucher,Visitatori,Visitantes,Vizitatori,Besøgende,Visitantes,Visiteurs,Ziyaretçiler
projectPage.generationNotStarted,Generation not started,无法生成,Generierung startet gleich,La generazione sta per iniziare,A geração está prestes a começar,Generația este pe cale să înceapă,Generationen er ved at starte,La generación está a punto de empezar,La génération va commencer,Nesil başlamak üzere
projectPage.editOrder,Edit order,编辑订单,Bestellung bearbeiten,Modifica ordine,Editar pedido,Editați comanda,Rediger ordre,Editar pedido,Editer la commande,Siparişi düzenle
projectPage.visitor,Visitor,访问数,Besucher,Visitatore,Visitante,Vizitator,Besøgende,Visitante,Visiteur,Ziyaretçi
projectPage.editOrder,Edit Order,编辑订单,Bestellung bearbeiten,Modifica dell'ordine,Ordem de edição,Editați comanda,Rediger ordre,Editar orden,Editer la commande,Siparişi Düzenle
projectPage.processing,Processing,处理,In Bearbeitung,Elaborazione,Processamento,Procesare,Behandling,Procesar,Traitement,İşleme
projectPage.generating,Generating,生成,Generiert,Generazione,Geração de pedidos,Generarea,Generering,Generar,Générer,Üretim
projectPage.orderName,Order Name,订单名称,Name der Bestellung,Nome dell'ordine,Nome do pedido,Numele comenzii,Ordrenavn,Nombre del pedido,Nom de la commande,Sipariş adı
projectPage.noOrders,No orders,无订单,Keine Aufträge,Nessun ordine,Nenhum pedido,Nu există comenzi,Ingen ordrer,No hay pedidos,Pas de commande,Sipariş yok
projectPage.connectDomain, Connect Domain, 连接域名, Verbinden Sie die Domain, Collega il dominio, Conectar domínio, Conectați domeniul, Forbind domæne, Conectar dominio, Connecter le domaine, Alan adını bağlayın
projectPage.restartDomainVerification, Restart domain verification, 重新开始域名验证, Starten Sie die Domain-Verifizierung neu, Riavvia la verifica del dominio, Reiniciar verificação de domínio, Reporniți verificarea domeniului, Genstart domæneverifikation, Reiniciar verificación de dominio, Redémarrer la vérification de domaine, Alan adı doğrulamasını yeniden başlatın
projectPage.domainVerificationInstructions,Create three CNAME records with your domain provider with the following values., 使用以下值在您的域名提供商处创建三个 CNAME 记录。, Erstellen Sie drei CNAME-Einträge bei Ihrem Domain-Anbieter mit den folgenden Werten., Crea tre record CNAME con il tuo provider di dominio con i seguenti valori., Crie três registros CNAME com seu provedor de domínio com os seguintes valores., Creați trei înregistrări CNAME cu furnizorul dvs. de domeniu cu următoarele valori., Opret tre CNAME-poster med din domæneudbyder med følgende værdier., Cree tres registros CNAME con su proveedor de dominio con los siguientes valores., Créez trois enregistrements CNAME avec votre fournisseur de domaine avec les valeurs suivantes., Aşağıdaki değerlerle alan adı sağlayıcınızda üç CNAME kaydı oluşturun.
projectPage.domainVerificationNote, Note: For some providers you need to omit the domain at the end of the CNAME record names., 注意：对于某些提供商，您需要在 CNAME 记录名称的末尾省略域名。, Hinweis: Bei einigen Anbietern müssen Sie die Domain am Ende der CNAME-Eintragsnamen weglassen., Nota: per alcuni provider è necessario omettere il dominio alla fine dei nomi dei record CNAME., "Nota: para alguns provedores, você precisa omitir o domínio no final dos nomes dos registros CNAME.", Notă: Pentru unii furnizori trebuie să omiteți domeniul la sfârșitul numelor de înregistrări CNAME., Bemærk: For nogle udbydere skal du udelade domænet i slutningen af CNAME-postnavnene., "Nota: para algunos proveedores, debe omitir el dominio al final de los nombres de los registros CNAME.", "Remarque : pour certains fournisseurs, vous devez omettre le domaine à la fin des noms d'enregistrement CNAME.", Not: Bazı sağlayıcılar için CNAME kayıt adlarının sonunda alan adını atlamalısınız.
projectPage.domainVerificationNameserverInstructions, Navigate to the DNS settings for your domain. Replace any existing nameservers with the four following ones:, 导航到您的域名的 DNS 设置。将任何现有的名称服务器替换为以下四个名称服务器：, Navigieren Sie zu den DNS-Einstellungen für Ihre Domain. Ersetzen Sie alle vorhandenen Nameserver durch die folgenden vier:, Passa alle impostazioni DNS per il tuo dominio. Sostituisci tutti i nameserver esistenti con i seguenti quattro:, Navegue até as configurações de DNS para seu domínio. Substitua todos os servidores de nome existentes pelos quatro seguintes:, Navigați la setările DNS pentru domeniul dvs. Înlocuiți orice servere de nume existente cu următoarele patru:, Gå til DNS-indstillingerne for dit domæne. Erstat eventuelle eksisterende navneservere med de følgende fire:, Vaya a la configuración de DNS de su dominio. Reemplace cualquier servidor de nombres existente con los siguientes cuatro:, Accédez aux paramètres DNS de votre domaine. Remplacez tous les serveurs de noms existants par les quatre suivants :, Alan adınızın DNS ayarlarına gidin. Mevcut tüm ad sunucularını aşağıdaki dört ad sunucusuyla değiştirin:
projectPage.domainVerificationNameserverNote, "Note: Switching nameservers to ours will transfer DNS control to us. This may disrupt subdomains, emails, and other settings. Proceed with caution.",,,,,,,,,
projectPage.cnameRecordName, CNAME record name:, CNAME 记录名称:, CNAME-Eintragsname:, Nome del record CNAME:, Nome do registro CNAME:, Numele înregistrării CNAME:, CNAME-postnavn:, Nombre del registro CNAME:, Nom de l'enregistrement CNAME:, CNAME kayıt adı:
projectPage.cnameRecordValue, CNAME record value:, CNAME 记录值:, CNAME-Eintragswert:, Valore del record CNAME:, Valor do registro CNAME:, Valoarea înregistrării CNAME:, CNAME-postværdi:, Valor del registro CNAME:, Valeur de l'enregistrement CNAME:, CNAME kayıt değeri:
projectPage.deleteOrderTitle, Are you sure you want to delete this order?, 您确定要删除此订单吗？, Möchten Sie diese Bestellung wirklich löschen?, Sei sicuro di voler eliminare questo ordine?, Tem certeza de que deseja excluir este pedido?, Sigur doriți să ștergeți această comandă?, "Er du sikker på, at du vil slette denne ordre?", ¿Está seguro de que desea eliminar este pedido?, Êtes-vous sûr de vouloir supprimer cette commande ?, Bu siparişi silmek istediğinizden emin misiniz?
projectPage.deleteProjectTitle, Are you sure you want to delete this project?, 您确定要删除此项目吗？, Möchten Sie dieses Projekt wirklich löschen?, Sei sicuro di voler eliminare questo progetto?, Tem certeza de que deseja excluir este projeto?, Sigur doriți să ștergeți acest proiect?, "Er du sikker på, at du vil slette dette projekt?", ¿Está seguro de que desea eliminar este proyecto?, Êtes-vous sûr de vouloir supprimer ce projet ?, Bu projeyi silmek istediğinizden emin misiniz?
projectPage.share,Share,分享,,,,,,,,
projectPage.transfer, Transfer ownership, 转移所有权, Eigentum übertragen, Trasferisci proprietà, Transferir propriedade, Transferați proprietatea, Overfør ejerskab, Transferir propiedad, Transférer la propriété, Sahipliği aktar
projectPage.analytics, Analytics, 分析, Analytics, Analytics, Analytics, Analytics, Analytics, Analytics, Analytics, Analytics
projectPage.sharedWith, Shared with, 共享给, Geteilt mit, Condiviso con, Compartilhado com, Partajat cu, Delte med, Compartido con, Partagé avec, Paylaşılan
transferOwnershipPage.cannotTransferNote, "Ownership can only be transferred to active, not pending users.", "所有权只能转移给活跃用户，而不能转移给待定用户"。, "Das Eigentum kann nur an aktive, nicht an ausstehende Benutzer übertragen werden.", "La proprietà può essere trasferita solo a utenti attivi, non in attesa.", "A propriedade só pode ser transferida para usuários ativos, não pendentes.", "Proprietatea poate fi transferată numai utilizatorilor activi, nu celor în așteptare.", "Ejerskab kan kun overføres til aktive, ikke ventende brugere.", "La propiedad solo se puede transferir a usuarios activos, no pendientes.", "La propriété ne peut être transférée qu'aux utilisateurs actifs, pas en attente.", "Sahiplik yalnızca etkin, bekleyen kullanıcılara devredilebilir."
transferOwnershipPage.transferOwnershipFor, Transfer ownership for,,,,,,,,,
transferOwnershipPage.transferOwnershipTo, Transfer ownership to {{newline}} {{name}}, 将所有权转移给 {{newline}} {{name}}, Übertragen Sie das Eigentum an {{newline}} {{name}}, Trasferisci la proprietà a {{newline}} {{name}}, Transferir propriedade para {{newline}} {{name}}, Transferați proprietatea la {{newline}} {{name}}, Overfør ejerskab til {{newline}} {{name}}, Transferir propiedad a {{newline}} {{name}}, Transférer la propriété à {{newline}} {{name}}, Sahipliği \n {{name}}'e aktar
transferOwnershipPage.confirm,"Yes, transfer",是的，转移,"Ja, übertragen","Sì, trasferisci","Sim, transferir","Da, transferați","Ja, overfør","Sí, transferir","Oui, transférer","Evet, aktar"
fallbackPage.yourQRCodeWorks, Your QR code works!, 您的二维码有效！, Ihr QR-Code funktioniert!, Il tuo codice QR funziona!, Seu código QR funciona!, Codul QR funcționează!, Din QR-kode virker!, ¡Tu código QR funciona!, Votre code QR fonctionne !, QR kodunuz çalışıyor!
fallbackPage.successDescription, "Now edit and customise your QR destination to display your desired content!", "现在编辑和自定义您的 QR 目标，以显示您想要的内容！", "Bearbeiten und passen Sie jetzt Ihr QR-Ziel an, um Ihren gewünschten Inhalt anzuzeigen!", "Ora modifica e personalizza la tua destinazione QR per visualizzare il contenuto desiderato!", "Agora edite e personalize seu destino QR para exibir o conteúdo desejado!", "Acum editați și personalizați destinația QR pentru a afișa conținutul dorit!", "Rediger og tilpas nu din QR-destination for at vise dit ønskede indhold!", "¡Ahora edite y personalice su destino QR para mostrar el contenido deseado!", "Modifiez et personnalisez maintenant votre destination QR pour afficher le contenu souhaité !", "Şimdi QR hedefinizi düzenleyin ve özelleştirin, istediğiniz içeriği görüntüleyin!"
fallbackPage.cta, Edit page(s), 编辑页面, Seite(n) bearbeiten, Modifica pagina(e), Editar página(s), Editați pagina(e), Rediger side(r), Editar página(s), Modifier la (les) page(s), Sayfa(ları) düzenle
addTeamFlow.createTeam, "To create a new team, click the plus.", "要创建新团队，请单击加号。", "Um ein neues Team zu erstellen, klicken Sie auf das Plus.", "Per creare un nuovo team, fai clic sul segno più.", "Para criar uma nova equipe, clique no sinal de mais.", "Pentru a crea o nouă echipă, faceți clic pe plus.", "For at oprette et nyt team skal du klikke på plus.", "Para crear un nuevo equipo, haz clic en el signo más.", "Pour créer une nouvelle équipe, cliquez sur le signe plus.", "Yeni bir ekip oluşturmak için artıya tıklayın."
addTeamFlow.addNewTeam, Add new team, 添加新团队, Neues Team hinzufügen, Aggiungi nuovo team, Adicionar nova equipe, Adăugați o nouă echipă, Tilføj nyt team, Agregar nuevo equipo, Ajouter une nouvelle équipe, Yeni takım ekle
addTeamFlow.teamName, Team Name, 团队名称, Team-Name, Nome del team, Nome da equipe, Numele echipei, Teamnavn, Nombre del equipo, Nom de l'équipe, Takım Adı
addTeamFlow.addMembers, Add members, 添加成员, Mitglieder hinzufügen, Aggiungi membri, Adicionar membros, Adăugați membri, Tilføj medlemmer, Agregar miembros, Ajouter des membres, Üyeleri ekle
addTeamFlow.selectRole, Select role to add contact, 选择要添加的联系人角色, "Wählen Sie die Rolle aus, um den Kontakt hinzuzufügen", Seleziona il ruolo per aggiungere il contatto, Selecione a função para adicionar o contato, Selectați rolul pentru a adăuga contactul, Vælg rolle for at tilføje kontakten, Seleccione el rol para agregar el contacto, Sélectionnez le rôle pour ajouter le contact, Kişiyi eklemek için rol seçin
addTeamFlow.suggested, Suggested, 建议, Vorgeschlagen, Suggerito, Sugerido, Sugerat, Foreslået, Sugerido, Suggéré, Önerilen
addTeamFlow.currentMembers, Current Members, 当前成员, Aktuelle Mitglieder, Membri attuali, Membros atuais, Membri actuali, Nuværende medlemmer, Miembros actuales, Membres actuels, Mevcut Üyeler
addTeamFlow.updateRole, Update role, 更新角色, Rolle aktualisieren, Aggiorna ruolo, Atualizar função, Actualizați rolul, Opdater rolle, Actualizar rol, Mettre à jour le rôle, Rolü güncelle
addTeamFlow.removeMember, Remove member, 删除成员, Mitglied entfernen, Rimuovi membro, Remover membro, Eliminați membrul, Fjern medlem, Eliminar miembro, Supprimer le membre, Üyeyi kaldır
shareLabelPage.inviteUser, "To invite a new user, click the plus.", "要邀请新用户，请单击加号。", "Um einen neuen Benutzer einzuladen, klicken Sie auf das Plus.", "Per invitare un nuovo utente, fai clic sul segno più.", "Para convidar um novo usuário, clique no sinal de mais.", "Pentru a invita un utilizator nou, faceți clic pe plus.", "For at invitere en ny bruger skal du klikke på plus.", "Para invitar a un nuevo usuario, haz clic en el signo más.", "Pour inviter un nouvel utilisateur, cliquez sur le signe plus.", "Yeni bir kullanıcı davet etmek için artıya tıklayın."
shareLabelPage.revokeAccess, Revoke access, 撤销访问权限, Zugriff widerrufen, Revoca l'accesso, Revogar acesso, Revocă accesul, Tilbagekald adgang, Revocar acceso, Révoquer l'accès, Erişimi iptal et
shareLabelPage.currentUsers, Current users, 当前用户, Aktuelle Benutzer, Utenti attuali, Usuários atuais, Utilizatori actuali, Nuværende brugere, Usuarios actuales, Utilisateurs actuels, Mevcut Kullanıcılar
editTeamPage.editTeam, Edit team, 编辑团队, Team bearbeiten, Modifica team, Editar equipe, Editați echipa, Rediger team, Editar equipo, Modifier l'équipe, Takımı düzenle
editTeamPage.renameTeam, Rename Team, 重命名团队, Team umbenennen, Rinomina team, Renomear equipe, Redenumiți echipa, Omdøb team, Cambiar nombre de equipo, Renommer l'équipe, Takımı yeniden adlandır
error.failedToCreateLabel,Failed to create label,创建标签失败,Etikett konnte nicht erstellt werden,Impossibile creare l'etichetta,Falha ao criar etiqueta,Nu s-a reușit crearea etichetei,Kunne ikke oprette etiket,Error al crear etiqueta,Échec de la création d'une étiquette,Etiket oluşturulamadı
error.failedToCreateOrder,Failed to create order,创建订单失败,Bestellung konnte nicht erstellt werden,Impossibile creare un ordine,Falha ao criar o pedido,Nu s-a reușit crearea comenzii,Kunne ikke oprette ordre,Error al crear el pedido,Échec de la création de la commande,Sipariş oluşturulamadı
error.failedToGenerateOrder,Failed to generate order,生成订单失败,Bestellung konnte nicht generiert werden,Impossibile generare l'ordine,Falha ao gerar o pedido,Nu s-a reușit generarea comenzii,Kunne ikke generere ordre,Error al generar pedido,Échec de la génération de la commande,Sipariş oluşturulamadı
error.failedToFetchLabel,Failed to fetch label,获取标签失败,Etikettenabruf fehlgeschlagen,Impossibile recuperare le etichette,Falha ao buscar etiqueta,Nu s-a reușit să se obțină eticheta,Kunne ikke hente etiket,Error al recuperar etiquetas,Échec de la récupération de l'étiquette,Etiket getirilemedi
error.failedToFetchLabels,Failed to fetch labels,提取标签失败,Etikettenabruf fehlgeschlagen,Impossibile recuperare le etichette,Falha ao buscar etiquetas,Nu s-a reușit să se obțină etichete,Kunne ikke hente etiketter,Error al recuperar etiquetas,Échec de l'extraction des étiquettes,Etiketler getirilemedi
error.failedToFetchOrder,Failed to fetch order,获取订单失败,Bestellung kann nicht geladen werden,Non riuscito a recuperare l'ordine,Falha ao buscar o pedido,Nu s-a reușit să se obțină comanda,Kunne ikke hente ordre,Error al recuperar pedido,Échec de la récupération de la commande,Sipariş alınamadı
error.failedToFetchOrderId,Failed to fetch order id,获取订单 ID 失败,Abrufen der Bestellnummer fehlgeschlagen,Non è riuscito a recuperare l'id dell'ordine,Falha ao buscar o ID do pedido,Nu s-a reușit să se obțină id-ul comenzii,Kunne ikke hente ordre-id,Error al recuperar el ID del pedido,Échec de la recherche de l'identifiant de la commande,Sipariş kimliği getirilemedi
error.failedToUpdateLabelName,Failed to update label name,更新标签名称失败,Aktualisierung des Etikettennamens fehlgeschlagen,Aggiornamento fallito del nome dell'etichetta,Falha ao atualizar o nome da etiqueta,Nu s-a reușit să se actualizeze numele etichetei,Kunne ikke opdatere etiketnavn,Error al actualizar nombre de etiqueta,Échec de la mise à jour du nom de l'étiquette,Etiket adı güncellenemedi
error.failedToUpdateOrderName,Failed to update order name,更新订单名称失败,Aktualisierung des Auftragsnamens fehlgeschlagen,Aggiornamento fallito del nome dell'ordine,Falha ao atualizar o nome do pedido,Nu s-a reușit să se actualizeze numele comenzii,Kunne ikke opdatere ordrenavn,Error al actualizar el nombre del pedido,Échec de la mise à jour du nom de la commande,Sipariş adı güncellenemedi
error.failedToUpdateUserLanguage,Failed to update user language,更新用户语言失败,Aktualisierung der Benutzersprache fehlgeschlagen,Non è riuscito ad aggiornare la lingua dell'utente,Falha ao atualizar o idioma do usuário,Nu a reușit să actualizeze limba utilizatorului,Kunne ikke opdatere brugerens sprog,Error al actualizar el idioma del usuario,Échec de la mise à jour de la langue de l'utilisateur,Kullanıcı dili güncellenemedi
error.failedToUpdateCompanyInformation,Failed to update company information,更新公司信息失败,Aktualisierung der Firmeninformationen fehlgeschlagen,Aggiornamento fallito delle informazioni sulla società,Falha ao atualizar as informações da empresa,Nu a reușit să actualizeze informațiile despre companie,Kunne ikke opdatere virksomhedsoplysninger,Error al actualizar la información de la empresa,Échec de la mise à jour des informations sur la société,Şirket bilgileri güncellenemedi
error.failedToUpdatePositionInformation,Failed to update position information,更新位置信息失败,Aktualisierung der Positionsdaten fehlgeschlagen,Non è riuscito ad aggiornare le informazioni sulla posizione,Falha ao atualizar as informações da posição,Nu a reușit să actualizeze informațiile privind poziția,Kunne ikke opdatere positionsoplysninger,Error al actualizar la información de la posición,Échec de la mise à jour des informations sur le poste,Pozisyon bilgileri güncellenemedi
error.failedToDownloadQR,Failed to download QR,下载 QR 失败,QR-Download fehlgeschlagen,Non è riuscito a scaricare il QR,Falha ao fazer o download do QR,Nu a reușit să descarce QR,Kunne ikke downloade QR,Error al descargar QR,Échec du téléchargement de QR,QR indirilemedi
error.failedToDelete_name,Failed to delete {{name}},删除{{name}}失败,Löschen fehlgeschlagen {{name}},Non riuscito a cancellare {{name}},Falha ao excluir {{name}},Nu a reușit să șteargă {{name}},Kunne ikke slette {{name}},Error al borrar {{name}},Échec de la suppression de {{name}},Silinemedi {{name}}
error.failedToUpdateOrder,Failed to update order,更新订单失败,Aktualisierung der Bestellung fehlgeschlagen,Non è riuscito ad aggiornare l'ordine,Falha ao atualizar a ordem,Nu a reușit să actualizeze comanda,Kunne ikke opdatere ordre,Error al actualizar la orden,Échec de la mise à jour de l'ordre,Sipariş güncellenemedi
error.failedToDeleteOrder,Failed to delete order,删除订单失败,Auftrag konnte nicht gelöscht werden,Non riuscito a cancellare l'ordine,Falha ao excluir a ordem,Nu a reușit să șteargă un ordin,Kunne ikke slette ordre,Error al eliminar orden,Échec de la suppression de l'ordre,Sipariş silinemedi
error.failedToFetchOrders,Failed to fetch orders,获取订单失败,Abrufen von Aufträgen fehlgeschlagen,Non è riuscito a recuperare gli ordini,Falha ao buscar pedidos,Nu a reușit să obțină ordine,Kunne ikke hente ordrer,Error al recuperar pedidos,Échec de la recherche d'ordres,Siparişler alınamadı
error.failedToFetchVisitorData,Failed to fetch visitor data,获取游客数据失败,Abruf von Besucherdaten fehlgeschlagen,Impossibile recuperare i dati dei visitatori,Falha ao buscar dados do visitante,Nu s-a reușit să se obțină date despre vizitatori,Kunne ikke hente besøgsdata,Error en la búsqueda de datos de visitantes,Échec de la recherche de données sur les visiteurs,Ziyaretçi verileri alınamadı
error.failedToDeletePendingEmailAddress,Failed to delete pending email address.,,,,,,,,,
error.failedToUpdateUserProfile,Failed to update user profile,更新用户配置文件失败,Aktualisierung des Benutzerprofils fehlgeschlagen,Aggiornamento del profilo utente fallito,Falha ao atualizar o perfil do usuário,Nu s-a reușit să se actualizeze profilul utilizatorului,Kunne ikke opdatere brugerprofil,Error al actualizar el perfil de usuario,Échec de la mise à jour du profil de l'utilisateur,Kullanıcı profili güncellenemedi
error.failedToCreateTeam,Failed to create team,创建团队失败,Team konnte nicht erstellt werden,Impossibile creare il team,Falha ao criar equipe,Nu s-a reușit crearea echipei,Kunne ikke oprette team,Error al crear equipo,Échec de la création d'une équipe,Takım oluşturulamadı
error.anErrorOccurred,An error occurred,出现错误,Ein Fehler ist aufgetreten,Si è verificato un errore,Ocorreu um erro,S-a produs o eroare,Der opstod en fejl,Se ha producido un error,Une erreur s'est produite,Bir hata oluştu
error.incorrectCode,Incorrect code,代码不正确,Falscher Code,Codice errato,Código incorreto,Cod incorect,Forkert kode,Código incorrecto,Code incorrect,Yanlış kod
error.pleaseTryAgain,Please try again,请重试,Bitte versuchen Sie es erneut,Riprovare,Tente novamente,Vă rugăm să încercați din nou,Prøv venligst igen,Vuelva a intentarlo,Veuillez réessayer,Lütfen tekrar deneyin
error.failedToCopyToClipboard, Failed to copy to clipboard, 复制到剪贴板失败, Kopieren in die Zwischenablage fehlgeschlagen, Impossibile copiare negli appunti, Falha ao copiar para a área de transferência, Nu s-a reușit copierea în clipboard, Kunne ikke kopiere til udklipsholderen, Error al copiar al portapapeles, Échec de la copie dans le presse-papiers, Panoya kopyalanamadı
error.failedToRestartDomainVerification, Failed to restart domain verification, 重新开始域名验证失败, Neustart der Domain-Verifizierung fehlgeschlagen, Impossibile riavviare la verifica del dominio, Falha ao reiniciar a verificação de domínio, Nu s-a reușit repornirea verificării domeniului, Kunne ikke genstarte domæneverifikation, Error al reiniciar la verificación de dominio, Échec du redémarrage de la vérification de domaine, Alan adı doğrulaması yeniden başlatılamadı
error.failedToAddMember, Failed to add member to team, 添加成员到团队失败, Mitglied konnte nicht zum Team hinzugefügt werden, Impossibile aggiungere un membro al team, Falha ao adicionar membro à equipe, Nu s-a reușit adăugarea unui membru la echipă, Kunne ikke tilføje medlem til team, Error al agregar miembro al equipo, Échec de l'ajout d'un membre à l'équipe, Üye eklenemedi
error.failedToDeleteInvitation, Failed to delete invitation, 删除邀请失败, Einladung konnte nicht gelöscht werden, Impossibile eliminare l'invito, Falha ao excluir o convite, Nu s-a reușit ștergerea invitației, Kunne ikke slette invitation, Error al eliminar la invitación, Échec de la suppression de l'invitation, Davetiyeyi silme başarısız oldu
error.failedToGrantAccess, Failed to grant access, 授予访问权限失败, Fehler beim Gewähren des Zugriffs, Impossibile concedere l'accesso, Falha ao conceder acesso, Nu s-a reușit acordarea accesului, Kunne ikke give adgang, Error al otorgar acceso, Échec de l'octroi d'accès, Erişim verme başarısız oldu
error.failedToRevokeAccess, Failed to revoke access, 撤销访问权限失败, Zugriff konnte nicht widerrufen werden, Impossibile revocare l'accesso, Falha ao revogar o acesso, Nu s-a reușit revocarea accesului, Kunne ikke tilbagekalde adgang, Error al revocar el acceso, Échec de la révocation de l'accès, Erişimi geri alma başarısız oldu
error.failedToUpdateTeam, Failed to update team, 更新团队失败, Team konnte nicht aktualisiert werden, Impossibile aggiornare il team, Falha ao atualizar a equipe, Nu s-a reușit actualizarea echipei, Kunne ikke opdatere team, Error al actualizar el equipo, Échec de la mise à jour de l'équipe, Takım güncellenemedi
error.failedToDeleteMember, Failed to delete member, 删除成员失败, Mitglied konnte nicht gelöscht werden, Impossibile eliminare il membro, Falha ao excluir o membro, Nu s-a reușit ștergerea membrului, Kunne ikke slette medlem, Error al eliminar el miembro, Échec de la suppression du membre, Üye silinemedi
error.failedToUpdateRole, Failed to update role, 更新角色失败, Rolle konnte nicht aktualisiert werden, Impossibile aggiornare il ruolo, Falha ao atualizar a função, Nu s-a reușit actualizarea rolului, Kunne ikke opdatere rolle, Error al actualizar el rol, Échec de la mise à jour du rôle, Rol güncellenemedi
error.failedToDeleteTeam, Failed to delete team, 删除团队失败, Team konnte nicht gelöscht werden, Impossibile eliminare il team, Falha ao excluir a equipe, Nu s-a reușit ștergerea echipei, Kunne ikke slette team, Error al eliminar el equipo, Échec de la suppression de l'équipe, Takım silinemedi
error.failedToFetchDomains, Failed to fetch domains, 获取域名失败, Abrufen von Domains fehlgeschlagen, Impossibile recuperare i domini, Falha ao buscar domínios, Nu s-a reușit obținerea domeniilor, Kunne ikke hente domæner, Error al recuperar dominios, Échec de la récupération des domaines, Alan adları alınamadı
error.invalidDomain, Invalid domain format, 无效的域名格式, Ungültiges Domänenformat, Formato di dominio non valido, Formato de domínio inválido, Format de domeniu nevalid, Ugyldigt domæneformat, Formato de dominio no válido, Format de domaine non valide, Geçersiz alan adı biçimi
error.failedToCreateDomain, Failed to create domain, 创建域名失败, Erstellen der Domäne fehlgeschlagen, Impossibile creare il dominio, Falha ao criar o domínio, Nu s-a reușit crearea domeniului, Kunne ikke oprette domæne, Error al crear el dominio, Échec de la création du domaine, Alan adı oluşturulamadı
success.successfullyCreatedLabelAndOrder,Successfully created label and order,成功创建标签和订单,Etikett und Bestellung erfolgreich erstellt,Etichetta e ordine creati con successo,Etiqueta e pedido criados com sucesso,Ați creat cu succes eticheta și comanda,Vellykket oprettelse af label og ordre,Etiqueta y pedido creados correctamente,Création réussie de l'étiquette et de la commande,Etiket ve sipariş başarıyla oluşturuldu
success.successfullyCreatedOrder,Successfully created order,成功创建订单,Erfolgreich erstellte Bestellung,Ordine creato con successo,Pedido criado com sucesso,Comandă creată cu succes,Ordre oprettet med succes,Pedido creado correctamente,Commande créée avec succès,Başarıyla oluşturulmuş sipariş
success.successfullyGeneratedOrder,Successfully generated order,成功生成订单,Erfolgreich generierte Bestellung,Ordine generato con successo,Pedido gerado com sucesso,Comandă generată cu succes,Ordre genereret med succes,Pedido generado correctamente,Commande générée avec succès,Başarıyla oluşturulmuş sipariş
success.successfullyDeletedOrder,Successfully deleted order,成功删除订单,Erfolgreich gelöschte Bestellung,Ordine cancellato con successo,Pedido excluído com êxito,Comandă ștearsă cu succes,Ordre slettet med succes,Pedido eliminado correctamente,Suppression de la commande avec succès,Sipariş başarıyla silindi
success.successfullyUpdatedUserProfile,Successfully updated user profile,成功更新用户配置文件,Benutzerprofil erfolgreich aktualisiert,Aggiornato con successo il profilo utente,Atualização bem-sucedida do perfil do usuário,Ați actualizat cu succes profilul utilizatorului,Vellykket opdatering af brugerprofil,Perfil de usuario actualizado correctamente,Mise à jour du profil utilisateur réussie,Kullanıcı profili başarıyla güncellendi
success.successfullyStartedDownloadingQR,Successfully started downloading QR,成功开始下载 QR,Download von QR erfolgreich gestartet,Avviato con successo il download di QR,Iniciado com êxito o download do QR,A început cu succes descărcarea QR,Download af QR er startet med succes,Iniciada correctamente la descarga de QR,Lancement réussi du téléchargement de QR,QR indirilmeye başarıyla başlandı
success.successfullyUpdatedUserLanguage,Successfully updated user language,成功更新用户语言,Benutzersprache erfolgreich aktualisiert,Aggiornata con successo la lingua dell'utente,Idioma do usuário atualizado com sucesso,A actualizat cu succes limba utilizatorului,Opdateret brugerens sprog med succes,Se ha actualizado correctamente el idioma del usuario,Mise à jour réussie de la langue de l'utilisateur,Kullanıcı dili başarıyla güncellendi
success.successfullyUpdatedLabelName,Successfully updated label name,成功更新标签名称,Etikettenname erfolgreich aktualisiert,Aggiornato con successo il nome dell'etichetta,Nome da etiqueta atualizado com sucesso,A actualizat cu succes numele etichetei,Vellykket opdatering af etiketnavn,Se ha actualizado correctamente el nombre de la etiqueta,Mise à jour réussie du nom de l'étiquette,Etiket adı başarıyla güncellendi
success.successfullyUpdatedOderName,Successfully updated oder name,成功更新订单名称,Auftragsname erfolgreich aktualisiert,Aggiornato con successo il nome dell'ordine,Nome do pedido atualizado com sucesso,A fost actualizat cu succes numele de comandă,Succesfuld opdatering af ordrenavn,Se ha actualizado correctamente el nombre del pedido,Mis à jour avec succès le nom de la commande,Sipariş adı başarıyla güncellendi
success.successfullyDeleted_name,Successfully deleted {{name}},成功删除{{name}},Erfolgreich gelöscht {{name}},Cancellato con successo {{name}},Excluído com sucesso {{name}},Șters cu succes {{name}},Slettet {{name}} med succes,Eliminado correctamente {{name}},Supprimé avec succès {{name}},Başarıyla silindi {{name}}
success.successfullyUpdatedOrder,Successfully updated order,成功更新订单,Bestellung erfolgreich aktualisiert,Ordine aggiornato con successo,Ordem atualizada com sucesso,A actualizat cu succes comanda,Vellykket opdatering af ordre,Pedido actualizado correctamente,Mise à jour réussie de la commande,Sipariş başarıyla güncellendi
success.generationProcessHasBeenStarted,Generation process has been started,生成过程已开始,Generierungsprozess wurde gestartet,Il processo di generazione è stato avviato,O processo de geração foi iniciado,Procesul de generare a fost inițiat,Genereringsprocessen er startet,Se ha iniciado el proceso de generación,Le processus de génération a été lancé,Üretim süreci başlatıldı
success.generationForOrderHasBeenCompleted,Generation for order has been completed,订单生成已完成,Generierung für Auftrag wurde abgeschlossen,La generazione dell'ordine è stata completata,A geração do pedido foi concluída,Generarea comenzii a fost finalizată,Generering af ordre er afsluttet,Se ha completado la generación del pedido,La génération de la commande est terminée,Sipariş için üretim tamamlandı
success.copiedToClipboard, Copied to clipboard, 已复制到剪贴板, In die Zwischenablage kopiert, Copiato negli appunti, Copiado para a área de transferência, Copiat în clipboard, Kopieret til udklipsholder, Copiado al portapapeles, Copié dans le presse-papiers, Panoya kopyalandı
success.successfullyRestartedDomainVerification, Successfully restarted domain verification, 成功重新开始域名验证, Domain-Verifizierung erfolgreich neu gestartet, Verifica del dominio riavviata con successo, Verificação de domínio reiniciada com sucesso, Verificarea domeniului a fost repornită cu succes, Domæneverifikation genstartet med succes, Verificación de dominio reiniciada correctamente, Vérification de domaine redémarrée avec succès, Alan adı doğrulaması başarıyla yeniden başlatıldı
formMessages.mobileNumberIsRequired,Mobile number is required,需要手机号码,Handynummer ist erforderlich,Il numero di cellulare è richiesto,O número do celular é obrigatório,Este necesar numărul de telefon mobil,Mobilnummer er påkrævet,El número de móvil es obligatorio,Le numéro de portable est requis,Cep telefonu numarası gereklidir
formMessages.mobileNumberIsInvalid,Mobile number is invalid,手机号码无效,Handynummer ist ungültig,Il numero di cellulare non è valido,O número do celular é inválido,Numărul de telefon mobil nu este valabil,Mobilnummer er ugyldigt,El número de móvil no es válido,Le numéro de portable n'est pas valide,Cep telefonu numarası geçersiz
formMessages.codeIsRequired,Code is required,代码为必填项,Code ist erforderlich,Il codice è richiesto,O código é obrigatório,Codul este necesar,Kode er påkrævet,Código obligatorio,Le code est requis,Kod gereklidir
formMessages.firstNameIsRequired,First name is required,姓名为必填项,Vorname ist erforderlich,Il nome è richiesto,O primeiro nome é obrigatório,Prenumele este obligatoriu,Fornavn er påkrævet,El nombre es obligatorio,Le prénom est requis,İlk isim gereklidir
formMessages.lastNameIsRequired,Last name is required,姓是必填项,Nachname ist erforderlich,Il cognome è obbligatorio,O sobrenome é obrigatório,Numele de familie este obligatoriu,Efternavn er påkrævet,Apellido obligatorio,Le nom de famille est requis,Soyadı gereklidir
formMessages.workEmailIsRequired,Work email is required,工作电子邮件为必填项,Arbeits-E-Mail ist erforderlich,L'email di lavoro è richiesta,E-mail do trabalho é obrigatório,E-mailul de serviciu este obligatoriu,Arbejds-e-mail er påkrævet,Correo electrónico del trabajo es obligatorio,L'email professionnel est requis,İş e-postası gereklidir
formMessages.workEmailIsInvalid,Work email is invalid,工作电子邮件无效,Arbeits-E-Mail ist ungültig,L'email di lavoro non è valida,O e-mail do trabalho é inválido,E-mailul de la locul de muncă nu este valabil,Arbejds-e-mail er ugyldig,El correo electrónico del trabajo no es válido,L'email professionnel n'est pas valide,İş e-postası geçersiz
formMessages.internalFormError,Internal Form Error,内部表格错误,,,,,,,,
formMessages.invalidEmailFormat, Invalid email format, 电子邮件格式无效, Ungültiges E-Mail-Format, Formato email non valido, Formato de e-mail inválido, Format e-mail nevalid, Ugyldigt e-mail-format, Formato de correo electrónico no válido, Format e-mail invalide, Geçersiz e-posta biçimi
formMessages.projectNameIsRequired,Project name is required,,,,,,,,
inviteUser.viewer,Viewer,,,,,,,,,
inviteUser.editor,Editor,,,,,,,,,
analytics.headlineOrder,Order #{{num}},,,,,,,,,
analytics.filterDay,D,,,,,,,,,
analytics.filterWeek,W,,,,,,,,,
analytics.filterMonth,M,,,,,,,,,
analytics.filterHalfYear,6M,,,,,,,,,
analytics.filterMax,MAX,,,,,,,,,
analytics.headlineCodes,{{num}} QR Codes,,,,,,,,,
analytics.headlineSingle,{{num}} Labels 1 QR Code,,,,,,,,,
analytics.headlineScans,QR Scans,,,,,,,,,
analytics.headlineBrowserType,QR Scans by Browser Type,,,,,,,,,
analytics.headlineCity,QR Scans by City,,,,,,,,,
analytics.headlineApp,QR Scans by App,,,,,,,,,
analytics.headlineUserType,QR Scans by User Type,,,,,,,,,
analytics.noData,No Data,,,,,,,,,
analytics.dateFormat,{{month_name}} {{day}}‚ {{year}},,,,,,,,,
analytics.noData, No data, 暂无数据, Noch keine Daten, Ancora nessun dato, Ainda sem dados, Încă nu există date, Endnu ingen data, Aún no hay datos, Pas encore de données, Henüz veri yok
analytics.activateProtect, Activate {{newline}} Brand Protection, 激活品牌保护, Aktivieren Sie den Markenschutz, Attiva la protezione del marchio, Ativar Proteção de Marca, Activați Protecția mărcii, Aktivér Brandbeskyttelse, Activar Protección de Marca, Activer la protection de la marque, Marka Koruma'yı Etkinleştir
analytics.activateTrack, Activate {{newline}} Track & Trace, 激活追踪与溯源, Aktivieren Sie Track & Trace, Attiva Track & Trace, Ativar Rastreamento e Rastreamento, Activați Track & Trace, Aktivér Track & Trace, Activar Track & Trace, Activer Track & Trace, Takip ve İzleme'yi Etkinleştir
analytics.activate, Activate, 激活, Aktivieren, Attiva, Ativar, Activați, Aktivér, Activar, Activer, Etkinleştir
date.monthNameJanuary,January,,,,,,,,,
date.monthNameFebruary,February,,,,,,,,,
date.monthNameMarch,March,,,,,,,,,
date.monthNameApril,April,,,,,,,,,
date.monthNameMay,May,,,,,,,,,
date.monthNameJune,June,,,,,,,,,
date.monthNameJuly,July,,,,,,,,,
date.monthNameAugust,August,,,,,,,,,
date.monthNameSeptember,September,,,,,,,,,
date.monthNameOctober,October,,,,,,,,,
date.monthNameNovember,November,,,,,,,,,
date.monthNameDecember,December,,,,,,,,,
date.monthInitialJanuary,J,,,,,,,,,
date.monthInitialFebruary,F,,,,,,,,,
date.monthInitialMarch,M,,,,,,,,,
date.monthInitialApril,A,,,,,,,,,
date.monthInitialMay,M,,,,,,,,,
date.monthInitialJune,J,,,,,,,,,
date.monthInitialJuly,J,,,,,,,,,
date.monthInitialAugust,A,,,,,,,,,
date.monthInitialSeptember,S,,,,,,,,,
date.monthInitialOctober,O,,,,,,,,,
date.monthInitialNovember,N,,,,,,,,,
date.monthInitialDecember,D,,,,,,,,,
date.dayNameMonday,Monday,,,,,,,,,
date.dayNameTuesday,Tuesday,,,,,,,,,
date.dayNameWednesday,Wednesday,,,,,,,,,
date.dayNameThursday,Thursday,,,,,,,,,
date.dayNameFriday,Friday,,,,,,,,,
date.dayNameSaturday,Saturday,,,,,,,,,
date.dayNameSunday,Sunday,,,,,,,,,
date.dayInitialMonday,M,,,,,,,,,
date.dayInitialTuesday,T,,,,,,,,,
date.dayInitialWednesday,W,,,,,,,,,
date.dayInitialThursday,T,,,,,,,,,
date.dayInitialFriday,F,,,,,,,,,
date.dayInitialSaturday,S,,,,,,,,,
date.dayInitialSunday,S,,,,,,,,,
intro.headline,Welcome!,,,,,,,,,
intro.subline,Let’s create QRs.,,,,,,,,,
intro.cta,Create,,,,,,,,,
orderDetailPage.title, IDs for Order, 订单 ID, IDs für Bestellung, ID per ordine, IDs para pedido, ID-uri pentru comandă, IDs for ordre, IDs para pedido, IDs pour la commande, Sipariş için kimlikler
orderDetailPage.all, All, 全部, Alle, Tutti, Todos, Toate, Alle, Todos, Tous, Hepsi
orderDetailPage.noScans, No Scans, 暂无扫描记录, Noch keine Scans, Ancora nessuna scansione, Ainda sem digitalizações, Încă nu există scanări, Endnu ingen scanninger, Aún no hay escaneos, Pas encore de scans, Henüz tarama yok
orderDetailPage.scanned, Scanned, 已扫描, Gescannt, Scansionato, Digitalizado, Scanat, Scannet, Escaneado, Scanné, Tarama
orderDetailPage.searchId, Search ID, 搜索 ID, Such-ID, ID di ricerca, ID de pesquisa, ID de căutare, Søg ID, ID de búsqueda, ID de recherche, Arama kimliği
orderDetailPage.id_one, ID, ID, ID, ID, ID, ID, ID, ID, ID, ID
orderDetailPage.id_other, IDs, IDs, IDs, IDs, IDs, IDs, IDs, IDs, IDs, IDs
orderDetailPage.scan_one, Scan, Scan, Scansione, Digitalização, Scanare, Scan, Escanear, Scan, Scan, Tarama
orderDetailPage.scan_other, Scans, Scans, Scans, Scans, Scans, Scans, Scans, Scans, Scans, Scans
orderDetailPage.lastScan, Last Scan, 最后扫描, Letzter Scan, Ultima scansione, Última digitalização, Ultima scanare, Seneste scan, Última exploración, Dernière analyse, Son tarama
orderDetailPage.noResults, No results, 暂无结果, Keine Ergebnisse, Nessun risultato, Sem resultados, Niciun rezultat, Ingen resultater, Sin resultados, Aucun résultat, Sonuç yok
